document_id,title,subject,year,document_type,source_url,local_filename,file_size_bytes,sha256,download_status,extraction_method,page_count,text_length,warnings
246dedb9e6e7d873,Physics PYQ 2024,Physics,2024,previous_year_paper,https://www.oswaal360.com/pluginfile.php/10939/mod_folder/content/0/Latest%20Board%20Paper%202024/ISC%20Class%2012/ISC-Class-12-Phys.pdf,ISC_Physics_2024_previous_year_paper.pdf,616038,246dedb9e6e7d8730bf53ec20e6450c4563ca618f9b0ab0abe49caa3a57e0e80,success,native_text,8,23052,[]
16bf3611bc06c63f,Physics PYQ 2025,Physics,2025,previous_year_paper,https://www.oswaal360.com/pluginfile.php/10939/mod_folder/content/0/Latest%20Board%20Paper%202025/ISC%2012/Physics%202025.pdf,ISC_Physics_2025_previous_year_paper.pdf,945828,16bf3611bc06c63f28e3200f86e9e0a93c9ed4fe94c7fff6f77aee7bd1f72277,success,native_text,12,36322,[]
48864bdcc4ebd7d1,Physics PYQ 2022 Sem 2,Physics,2022,previous_year_paper,https://www.oswaal360.com/pluginfile.php/10939/mod_folder/content/0/pyp/cisce/class12/Physics/Physics%20PY%202022%20Sem%202.pdf,ISC_Physics_2022_previous_year_paper.pdf,477328,48864bdcc4ebd7d15c617a2e1e781a561e3298e9d6282ac087552ceda2f9e846,success,native_text,5,12457,[]
45b63e7ff5b86247,Physics PYQ 2025 Board,Physics,2025,previous_year_paper,https://image-static.collegedunia.com/public/image/ISC_Class_12_Physics_Question_Paper_2025_7273c22bbf2e9cecb9324a75cf845fc1.pdf,ISC_Physics_2025_previous_year_paper.pdf,567746,45b63e7ff5b86247c780a4dc2bb9259866a7d4b35fcce7eb8cec5bcb21159e43,success,failed,0,0,['Unable to get page count. Is poppler installed and in PATH?']
45b63e7ff5b86247,Physics PYQ 2025 ICSEBoard,Physics,2025,previous_year_paper,https://www.icseboard.org/pdf/class-10/class-12/papers/physics/2025/isc-class-12-physics-p1-861a-2025.pdf,ISC_Physics_2025_previous_year_paper.pdf,567746,45b63e7ff5b86247c780a4dc2bb9259866a7d4b35fcce7eb8cec5bcb21159e43,success,failed,0,0,['Unable to get page count. Is poppler installed and in PATH?']
21e35d0f423e918a,Physics Sample Paper Sem 1 2022,Physics,2022,sample_paper,https://cdn1.byjus.com/wp-content/uploads/2021/09/ISC-Class-12-Sample-Paper-Physics-Semester-1-for-2022-Exam.pdf,ISC_Physics_2022_sample_paper.pdf,1058832,21e35d0f423e918a79f6b2a9837fdf847589c77e3e039be170c590780e4f39ac,success,native_text,17,21299,[]
74c65154ab8c9e22,Physics Specimen 2024,Physics,2024,specimen_paper,https://static.collegedekho.com/media/django-summernote/2024-03-04/41cc375a-42e6-4ed8-bdbe-e25bec7b159b.pdf,ISC_Physics_2024_specimen_paper.pdf,2211346,74c65154ab8c9e22c5ba34fac6821a4c725460f3a9cfdc83800704e81ef8d72e,success,failed,0,0,['Unable to get page count. Is poppler installed and in PATH?']
a357a58ddf537371,Maths PYQ 2025 ICSEBoard,Mathematics,2025,previous_year_paper,https://www.icseboard.org/pdf/class-10/class-12/papers/mathematics/2025/isc-class-12-mathematics-1225-860-2025.pdf,ISC_Mathematics_2025_previous_year_paper.pdf,393990,a357a58ddf537371f555a1d5c93b642af7669dcbe6d712bee586ccbe8abe57ef,success,native_text,11,383,[]
a357a58ddf537371,Maths PYQ 2025 Oswaal,Mathematics,2025,previous_year_paper,https://www.oswaal360.com/pluginfile.php/10939/mod_folder/content/0/Latest%20Board%20Paper%202025/ISC%2012/Math%202025.pdf,ISC_Mathematics_2025_previous_year_paper.pdf,393990,a357a58ddf537371f555a1d5c93b642af7669dcbe6d712bee586ccbe8abe57ef,success,native_text,11,383,[]
2d591ba4096f3923,Maths PYQ 2024 Oswaal,Mathematics,2024,previous_year_paper,https://www.oswaal360.com/pluginfile.php/10939/mod_folder/content/0/Latest%20Board%20Paper%202024/ISC%20Class%2012/2-ISC%20Math-12%20Board%20Papers.pdf,ISC_Mathematics_2024_previous_year_paper.pdf,1189487,2d591ba4096f3923ac5ee366ecc91a9b3c0623346a68003c5009f284f50aab74,success,native_text,14,32635,[]
fed1ceeef71ce0ba,Maths PYQ 2024 CollegeDekho,Mathematics,2024,previous_year_paper,https://static.collegedekho.com/media/uploads/2025/03/03/isc-12th-maths-2024.pdf,ISC_Mathematics_2024_previous_year_paper.pdf,562555,fed1ceeef71ce0badc5ec137a817d419eaccc89c1a33d09f16f46f4302deedf0,success,native_text,18,18844,[]
fed1ceeef71ce0ba,Maths PYQ 2024 SheetDigest,Mathematics,2024,previous_year_paper,https://sheetdigest.com/wp-content/uploads/2025/10/ISC-Class-12-Mathematics-Question-Paper-2024.pdf,ISC_Mathematics_2024_previous_year_paper.pdf,562555,fed1ceeef71ce0badc5ec137a817d419eaccc89c1a33d09f16f46f4302deedf0,success,native_text,18,18844,[]
d15d81af3744095e,Maths Sample Paper Sem 1 2022,Mathematics,2022,sample_paper,https://cdn1.byjus.com/wp-content/uploads/2021/09/ISC-Class-12-Sample-Paper-Maths-Semester-1-for-2022-Exam.pdf,ISC_Mathematics_2022_sample_paper.pdf,581205,d15d81af3744095eb1cef6d7ca1686584f0cb5c9d4252ff71beca71bf92f1e8f,success,native_text,10,10323,[]
cac84d3e4e00af02,Maths QB Solved 2018,Mathematics,2018,question_bank,https://cdn1.byjus.com/wp-content/uploads/2020/09/ISC-Class-12-Maths-Question-Paper-Solution-2018.pdf,ISC_Mathematics_2018_question_bank.pdf,719531,cac84d3e4e00af0236eb51b326b55352fea9e944e3126268c3b9c97415248b64,success,native_text,27,39646,[]
161d6417c245b82f,Chemistry PYQ 2023 Oswaal,Chemistry,2023,previous_year_paper,https://www.oswaal360.com/pluginfile.php/10939/mod_folder/content/0/pyp/cisce/class12/Chemistry/Chemistry%20FY%202023.pdf,ISC_Chemistry_2023_previous_year_paper.pdf,666341,161d6417c245b82fb214db40d45df0b1dbce16a57da19c801ac139c852cbbe5e,success,native_text,8,21612,[]
161d6417c245b82f,Chemistry PYQ 2023 SheetDigest,Chemistry,2023,previous_year_paper,https://sheetdigest.com/wp-content/uploads/2025/10/ISC-Class-12-Chemistry-Question-Paper-2023.pdf,ISC_Chemistry_2023_previous_year_paper.pdf,666341,161d6417c245b82fb214db40d45df0b1dbce16a57da19c801ac139c852cbbe5e,success,native_text,8,21612,[]
eb0f3da6368d6196,Chemistry Practical 2020 Byjus,Chemistry,2020,previous_year_paper,https://cdn1.byjus.com/wp-content/uploads/2021/03/ISC-Class-12-Chemistry-Practical-Question-Paper-2020.pdf,ISC_Chemistry_2020_previous_year_paper.pdf,117644,eb0f3da6368d61968a95cacbeff64ed851f9884cbf242417473c89d52a4f7817,success,native_text,4,6889,[]
eba3e67630ec271f,Chemistry Syllabus & QB 2024-25,Chemistry,2024,question_bank,https://www.oswaal360.com/pluginfile.php/10939/mod_folder/content/0/Syllabus/ISC%20Class%2012/2024-25/Chemistry_2dec5205-b8a4-411b-8832-42073b2cefa4.pdf,ISC_Chemistry_2024_question_bank.pdf,1067170,eba3e67630ec271f16f52159da2624f8be518e68c2a1705c9c727239c1ea6073,success,native_text,12,46050,[]
bb5f831f60e2591f,Biology PYQ 2023 Oswaal,Biology,2023,previous_year_paper,https://www.oswaal360.com/pluginfile.php/10939/mod_folder/content/0/Latest%20Board%20Papers%20Files/CISCE%20Class%2012/ISE%20BIOLOGY%20Paper-I.pdf,ISC_Biology_2023_previous_year_paper.pdf,958100,bb5f831f60e2591f2119f57c71a7a0ffaefa5c817ce245b1864042e37c40ce8a,success,native_text,10,21976,[]
39d7d38c831f5d22,Biology PYQ 2025 Oswaal,Biology,2025,previous_year_paper,https://www.oswaal360.com/pluginfile.php/10939/mod_folder/content/0/Latest%20Board%20Paper%202025/ISC%2012/Bio%202025.pdf,ISC_Biology_2025_previous_year_paper.pdf,1480758,39d7d38c831f5d224e9e4688f714e9a243e80985f79f6db0fefab06261adae4b,success,native_text,9,29857,[]
8f5e57530b64b7fa,Biology PYQ 2024 SheetDigest,Biology,2024,previous_year_paper,https://sheetdigest.com/wp-content/uploads/2025/10/ISC-Class-12-Biology-Question-Paper-2024.pdf,ISC_Biology_2024_previous_year_paper.pdf,1224116,8f5e57530b64b7fa658b1ce480bca6938ced3a864c1567c985a6672c368749c1,success,failed,0,0,['Unable to get page count. Is poppler installed and in PATH?']
8e987afb7b33bfba,Biology PYQ 2025 ICSEBoard,Biology,2025,previous_year_paper,https://www.icseboard.org/pdf/class-10/class-12/papers/biology/2025/isc-class-12-biology-p1-1225-863a-2025.pdf,ISC_Biology_2025_previous_year_paper.pdf,397591,8e987afb7b33bfba1eb39b153540da88b82f784bdacc91d0ee71a2675fcf194f,success,native_text,11,383,[]
21030251aa1367fc,Biology PYQ 2025 CollegeDunia,Biology,2025,previous_year_paper,https://image-static.collegedunia.com/public/image/ISC_Class_12_Biology_Question_Paper_2025_6780bd6522bf1e1761df9106d1a54eda.pdf,ISC_Biology_2025_previous_year_paper.pdf,2951537,21030251aa1367fc107661d35ae7a4da9e3a36d71b85e749e797bf93b04e8b5c,success,failed,0,0,['Unable to get page count. Is poppler installed and in PATH?']
429afd37764b2584,Biology PYQ 2020 Byjus,Biology,2020,previous_year_paper,https://cdn1.byjus.com/wp-content/uploads/2021/03/ISC-Class-12-Biology-Question-Paper-2020.pdf,ISC_Biology_2020_previous_year_paper.pdf,532047,429afd37764b2584eb668ed1c9876cb6458fe18f45606c81ed8ecd3d80006ab8,success,native_text,5,7406,[]
134a165536f5cca1,Biology QB Solved 2016,Biology,2016,question_bank,https://cdn1.byjus.com/wp-content/uploads/2020/09/ISC-Class-12-Biology-Question-Paper-Solution-2016.pdf,ISC_Biology_2016_question_bank.pdf,397116,134a165536f5cca1ed931ac439fa1253ac5c2f1a83c12f9f989bde84095e552d,success,native_text,19,34412,[]
554be73751a86358,Biology PYQ 2017 Byjus,Biology,2017,previous_year_paper,https://cdn1.byjus.com/wp-content/uploads/2020/09/ISC-Class-12-Biology-Question-Paper-2017.pdf,ISC_Biology_2017_previous_year_paper.pdf,138883,554be73751a86358fe2cf629b3d5c57e2a3947714be1c93440294977c2ff47de,success,native_text,5,3955,[]
48a53add2b8d8ea0,CS PYQ 2023 Oswaal Solved,Computer Science,2023,question_bank,https://www.oswaal360.com/pluginfile.php/10939/mod_folder/content/0/Latest%20Board%20Papers%20Files/CISCE%20Class%2012/ISC-12%20Computer%20Science%20Solved%20Paper-2023.pdf,ISC_Computer_Science_2023_question_bank.pdf,526097,48a53add2b8d8ea085eb0144da8682ad4e4ebdee8be66c2982182bcd5195609e,success,native_text,13,23053,[]
a58f94eb6b174623,CS PYQ 2024 Oswaal,Computer Science,2024,previous_year_paper,https://www.oswaal360.com/pluginfile.php/10939/mod_folder/content/0/Latest%20Board%20Paper%202024/ISC%20Class%2012/ISC%20COMPUTER%20SCIENCE%202024.pdf,ISC_Computer_Science_2024_previous_year_paper.pdf,560871,a58f94eb6b174623b0935bbc109a718b3744c5e7cccc6b13526145f07092e37d,success,native_text,11,16213,[]
c990b4fcc051393e,CS PYQ 2025 ICSEBoard,Computer Science,2025,previous_year_paper,https://www.icseboard.org/pdf/class-10/class-12/papers/computer-science/2025/isc-class-12-computer-science-p1-1225-868a-ie-2025.pdf,ISC_Computer_Science_2025_previous_year_paper.pdf,460355,c990b4fcc051393e4795723388299501355e633241ce2c64650e4f763d7868f5,success,native_text,15,523,[]
6aeefca7980fa16d,CS PYQ 2025 SheetDigest,Computer Science,2025,previous_year_paper,https://sheetdigest.com/wp-content/uploads/2025/10/ISC-Class-12-Computer-Science-Question-Paper-2025.pdf,ISC_Computer_Science_2025_previous_year_paper.pdf,861449,6aeefca7980fa16d306f8a41bd88e4ff8bc7639aef9b3a722854144cdf5fd3da,success,failed,0,0,['Unable to get page count. Is poppler installed and in PATH?']
a58f94eb6b174623,CS PYQ 2024 SheetDigest,Computer Science,2024,previous_year_paper,https://sheetdigest.com/wp-content/uploads/2025/10/ISC-Class-12-Computer-Science-Question-Paper-2024.pdf,ISC_Computer_Science_2024_previous_year_paper.pdf,1176242,a58f94eb6b174623b0935bbc109a718b3744c5e7cccc6b13526145f07092e37d,success,failed,0,0,['Unable to get page count. Is poppler installed and in PATH?']
9bee6976e7628e4b,CS Specimen 2024 CollegeDekho,Computer Science,2024,specimen_paper,https://static.collegedekho.com/media/uploads/2024/09/06/868-computer-science-paper-1-sqp-ak.pdf,ISC_Computer_Science_2024_specimen_paper.pdf,535670,9bee6976e7628e4b89d072406553dcc7abdfe4891c81156b7b7a351f5d0cc157,success,native_text,23,32307,[]
1343f8ec34abf17c,CS Syllabus 2024,Computer Science,2024,official_syllabus,https://cdn1.byjus.com/wp-content/uploads/2021/06/ISC-Class-12-Computer-Science-Syllabus.pdf,ISC_Computer_Science_2024_official_syllabus.pdf,212507,1343f8ec34abf17c774dea848a0772353de73b1bf917f920f877b301aeba26b9,success,native_text,11,34299,[]
