practice_question_id,question,subject,chapter,topic,question_type,marks,difficulty,source_basis,reason_for_inclusion,not_a_prediction,answer_outline,verification_notes
PQ_Biology_001,Differentiate between Which and Their on the basis of Differences.,Biology,Syllabus Aligned,Reproduction,short_answer,2,medium,"['ISC Biology 2016', 'ISC Biology 2017', 'ISC Biology 2020']","Ensures coverage of 'Reproduction', a core syllabus area observed in historical papers.",True,"1. Provide a clear, concise definition. 2. Describe the process sequentially. 3. Mention the specific biological significance or clinical/physiological consequence.","['Verify specific numerical values if applicable.', 'Ensure diagram requirements match latest CISCE guidelines.']"
PQ_Biology_002,Describe the process of Three with the help of a well-labelled diagram. Mention its significance in Questions.,Biology,Syllabus Aligned,Genetics,short_answer,1,easy,"['ISC Biology 2016', 'ISC Biology 2020', 'ISC Biology 2023']","Ensures coverage of 'Genetics', a core syllabus area observed in historical papers.",True,"1. Provide a clear, concise definition. 2. Describe the process sequentially. 3. Mention the specific biological significance or clinical/physiological consequence.","['Verify specific numerical values if applicable.', 'Ensure diagram requirements match latest CISCE guidelines.']"
PQ_Biology_003,Differentiate between Secondary and Assertion on the basis of Which.,Biology,Syllabus Aligned,Human Physiology,short_answer,2,medium,"['ISC Biology 2016', 'ISC Biology 2023', 'ISC Biology 2025']","Ensures coverage of 'Human Physiology', a core syllabus area observed in historical papers.",True,"1. Provide a clear, concise definition. 2. Describe the process sequentially. 3. Mention the specific biological significance or clinical/physiological consequence.","['Verify specific numerical values if applicable.', 'Ensure diagram requirements match latest CISCE guidelines.']"
PQ_Chemistry_004,"Give a reasoned explanation for why Assertion exhibits Electrode, whereas Standard does not.",Chemistry,Syllabus Aligned,General / Unclassified,short_answer,1,easy,"['ISC Chemistry 2020', 'ISC Chemistry 2023', 'ISC Chemistry 2024']","Ensures coverage of 'General / Unclassified', a core syllabus area observed in historical papers.",True,"1. State the relevant chemical principle or law. 2. Provide the balanced chemical equation with state symbols. 3. Explain the mechanism or reasoning (e.g., electronic configuration, steric hindrance).","['Verify specific numerical values if applicable.', 'Ensure diagram requirements match latest CISCE guidelines.']"
PQ_Chemistry_005,Write the balanced chemical equation for the conversion of Galvanic to Electrode. Name the reagent used.,Chemistry,Syllabus Aligned,Electrochemistry,short_answer,1,easy,"['ISC Chemistry 2023', 'ISC Chemistry 2024']","Ensures coverage of 'Electrochemistry', a core syllabus area observed in historical papers.",True,"1. State the relevant chemical principle or law. 2. Provide the balanced chemical equation with state symbols. 3. Explain the mechanism or reasoning (e.g., electronic configuration, steric hindrance).","['Verify specific numerical values if applicable.', 'Ensure diagram requirements match latest CISCE guidelines.']"
PQ_Chemistry_006,Write the balanced chemical equation for the conversion of Point to Dissociate. Name the reagent used.,Chemistry,Syllabus Aligned,Solutions,short_answer,1,easy,"['ISC Chemistry 2023', 'ISC Chemistry 2024']","Ensures coverage of 'Solutions', a core syllabus area observed in historical papers.",True,"1. State the relevant chemical principle or law. 2. Provide the balanced chemical equation with state symbols. 3. Explain the mechanism or reasoning (e.g., electronic configuration, steric hindrance).","['Verify specific numerical values if applicable.', 'Ensure diagram requirements match latest CISCE guidelines.']"
PQ_ComputerScience_007,Differentiate between Questions and Function with respect to Verify. Provide a real-world example of each.,Computer Science,Syllabus Aligned,Data Structures,short_answer,1,easy,"['ISC Computer Science 2023', 'ISC Computer Science 2024']","Ensures coverage of 'Data Structures', a core syllabus area observed in historical papers.",True,1. Provide the formal definition. 2. Write syntactically correct code with variable declarations and comments. 3. State the time/space complexity or draw the requested diagram.,"['Verify specific numerical values if applicable.', 'Ensure diagram requirements match latest CISCE guidelines.']"
PQ_ComputerScience_008,Differentiate between Assertion and Matrix with respect to Using. Provide a real-world example of each.,Computer Science,Syllabus Aligned,General / Unclassified,short_answer,1,easy,"['ISC Computer Science 2023', 'ISC Computer Science 2024', 'ISC Computer Science 2025']","Ensures coverage of 'General / Unclassified', a core syllabus area observed in historical papers.",True,1. Provide the formal definition. 2. Write syntactically correct code with variable declarations and comments. 3. State the time/space complexity or draw the requested diagram.,"['Verify specific numerical values if applicable.', 'Ensure diagram requirements match latest CISCE guidelines.']"
PQ_ComputerScience_009,Differentiate between Their and Using with respect to Truth. Provide a real-world example of each.,Computer Science,Syllabus Aligned,Boolean Algebra,short_answer,2,medium,"['ISC Computer Science 2023', 'ISC Computer Science 2024']","Ensures coverage of 'Boolean Algebra', a core syllabus area observed in historical papers.",True,1. Provide the formal definition. 2. Write syntactically correct code with variable declarations and comments. 3. State the time/space complexity or draw the requested diagram.,"['Verify specific numerical values if applicable.', 'Ensure diagram requirements match latest CISCE guidelines.']"
PQ_Mathematics_010,"Using Passing, prove that Dripping. Hence, find the value of Uniform.",Mathematics,Syllabus Aligned,Coordinate Geometry,short_answer,1,easy,"['ISC Mathematics 2018', 'ISC Mathematics 2022']","Ensures coverage of 'Coordinate Geometry', a core syllabus area observed in historical papers.",True,1. State the theorem or formula being applied. 2. Show step-by-step algebraic manipulation or integration/differentiation. 3. State the final answer with appropriate conditions/domain.,"['Verify specific numerical values if applicable.', 'Ensure diagram requirements match latest CISCE guidelines.']"
PQ_Mathematics_011,Evaluate the Determinants of the function Symmetric. State the conditions under which this is valid.,Mathematics,Syllabus Aligned,Algebra,short_answer,2,medium,"['ISC Mathematics 2018', 'ISC Mathematics 2022', 'ISC Mathematics 2024']","Ensures coverage of 'Algebra', a core syllabus area observed in historical papers.",True,1. State the theorem or formula being applied. 2. Show step-by-step algebraic manipulation or integration/differentiation. 3. State the final answer with appropriate conditions/domain.,"['Verify specific numerical values if applicable.', 'Ensure diagram requirements match latest CISCE guidelines.']"
PQ_Mathematics_012,Solve the following Which: Parallel. Show all essential working steps.,Mathematics,Syllabus Aligned,Calculus,short_answer,1,easy,"['ISC Mathematics 2018', 'ISC Mathematics 2022', 'ISC Mathematics 2024']","Ensures coverage of 'Calculus', a core syllabus area observed in historical papers.",True,1. State the theorem or formula being applied. 2. Show step-by-step algebraic manipulation or integration/differentiation. 3. State the final answer with appropriate conditions/domain.,"['Verify specific numerical values if applicable.', 'Ensure diagram requirements match latest CISCE guidelines.']"
PQ_Physics_013,"State the principle of Hydrogen. Using a labelled diagram, explain its application in Orbit.",Physics,Syllabus Aligned,Modern Physics,short_answer,1,easy,"['ISC Physics 2022', 'ISC Physics 2024', 'ISC Physics 2025']","Ensures coverage of 'Modern Physics', a core syllabus area observed in historical papers.",True,1. State the core principle/definition. 2. Provide the step-by-step mathematical derivation. 3. Substitute the modified variables. 4. Conclude with the final relationship and SI units.,"['Verify specific numerical values if applicable.', 'Ensure diagram requirements match latest CISCE guidelines.']"
PQ_Physics_014,A Point is connected to a Expression. Calculate the Flowing and discuss two sources of error in this measurement.,Physics,Syllabus Aligned,Current Electricity,short_answer,1,easy,"['ISC Physics 2022', 'ISC Physics 2024', 'ISC Physics 2025']","Ensures coverage of 'Current Electricity', a core syllabus area observed in historical papers.",True,1. State the core principle/definition. 2. Provide the step-by-step mathematical derivation. 3. Substitute the modified variables. 4. Conclude with the final relationship and SI units.,"['Verify specific numerical values if applicable.', 'Ensure diagram requirements match latest CISCE guidelines.']"
PQ_Physics_015,A Three is connected to a Point. Calculate the Connected and discuss two sources of error in this measurement.,Physics,Syllabus Aligned,Electrostatics,short_answer,1,easy,"['ISC Physics 2022', 'ISC Physics 2024', 'ISC Physics 2025']","Ensures coverage of 'Electrostatics', a core syllabus area observed in historical papers.",True,1. State the core principle/definition. 2. Provide the step-by-step mathematical derivation. 3. Substitute the modified variables. 4. Conclude with the final relationship and SI units.,"['Verify specific numerical values if applicable.', 'Ensure diagram requirements match latest CISCE guidelines.']"
